,pivot_sentence,target_sentence,target_words,enunciation_speaker gender,intent_intent,predicate_predicate,internal_particularization_EVENT TENSE,relational_particularization_AGENT,relational_particularization_PATIENT,relational_particularization_OBLIQUE,internal_particularization_POLARITY
0,"In two months’ time, we’ll have celebrations for the New Year.", TIME(TIME INFORMATION of_existing) deux TIME(QUANTIFIER=two_IN FUTURE DIRECTION of_IN FUTURE DIRECTION) c EVENT les OBJECT(AGENT of_existing) du TIME(OBLIQUE ROLE OBJECTIVE of_existing),est,male,ASSERT,EXISTENTIAL PREDICATE,,,,,
1,"This time, the people from village X will all be coming to our community.", TIME(TIME INFORMATION of_coming) ce sont les OBJECT(AGENT of_coming) du OBJECT(LOCATION INFORMATION of_people) qui EVENT(EVENT TENSE=GENERIC FUTURE) OBJECT(OBLIQUE ROLE DESTINATION of_coming),viennent,male,ASSERT,PROCESSIVE PREDICATE,GENERIC FUTURE,,,,
2,We should welcome them in a friendly way, il faut OBJECT_DEICTIC(PATIENT of_welcoming) EVENT OBJECT(OBLIQUE ROLE MANNER of_welcoming),accueillir,male,EXPRESS DUTY (DEONTIC),PROCESSIVE PREDICATE,,,,,
3,just like they did to us last year, LOGIC OBJECT_DEICTIC(AGENT of_doing) EVENT(EVENT TENSE=GENERIC PAST_COMP-EQUAL_term2 of_COMP-EQUAL) avec OBJECT_DEICTIC(OBLIQUE ROLE DESTINATION of_doing) l TIME(TIME INFORMATION of_doing),ont,male,ASSERT,PROCESSIVE PREDICATE,GENERIC PAST,,,,
4,like we always do, LOGIC OBJECT_DEICTIC(AGENT of_doing) EVENT(COMP-EQUAL_term2 of_COMP-EQUAL) TIME(TIME INFORMATION of_doing),fait,male,ASSERT,PROCESSIVE PREDICATE,,,,,
5,Our leaders will start with a welcome speech., OBJECT_DEICTIC(POSSESSOR of_leaders) OBJECT(AGENT of_starting) EVENT(EVENT TENSE=GENERIC FUTURE) par un OBJECT(OBLIQUE ROLE WITH of_starting),commenceront,male,ASSERT,PROCESSIVE PREDICATE,GENERIC FUTURE,,,,
6,"Then, people will play in the morning.", TIME les OBJECT(QUANTIFIER=PLURAL_AGENT of_playing) EVENT(EVENT TENSE=GENERIC FUTURE) le TIME(TIME INFORMATION of_playing),joueront,male,ASSERT,PROCESSIVE PREDICATE,GENERIC FUTURE,,,,
7,"After that, we’ll all share lunch together.", et TIME(TIME INFORMATION of_sharing) DEICTIC(AFTER X of_AFTER X) OBJECT_DEICTIC(AGENT of_sharing) EVENT un OBJECT(PATIENT of_sharing),partagerons,male,ASSERT,PROCESSIVE PREDICATE,,PP1PLU,lunch,together,
8,"In the afternoon, I hope we can have songs and dances.", TIME(TIME INFORMATION of_experiencing) OBJECT_DEICTIC(AGENT of_hoping) EVENT que nous pourrons EVENT(PATIENT of_hoping) des OBJECT(AND_TERM1 of_AND) CONCEPT_CORE(PATIENT of_experiencing) des_2 OBJECT(AND_TERM2 of_AND),avoir,male,WISH,PROCESSIVE PREDICATE,,,,,
9,"In the afternoon, I hope we can have songs and dances.", TIME(TIME INFORMATION of_experiencing) OBJECT_DEICTIC(AGENT of_hoping) EVENT que nous pourrons EVENT(PATIENT of_hoping) des OBJECT(AND_TERM1 of_AND) CONCEPT_CORE(PATIENT of_experiencing) des_2 OBJECT(AND_TERM2 of_AND),avoir,male,WISH,PROCESSIVE PREDICATE,,,,,
10,"The people of X will sing their songs, dance their dances;", OBJECT_DEICTIC_0(POSSESSOR of_dances) OBJECT(AGENT of_dancing) de OBJECT(LOCATION INFORMATION of_people) EVENT(AND_TERM1 of_AND) leur OBJECT(PATIENT of_singing) EVENT(AND_TERM2 of_AND) leurs OBJECT(PATIENT of_dancing),danserons,male,ASSERT,PROCESSIVE PREDICATE,,,,,
11,"The people of X will sing their songs, dance their dances;", OBJECT_DEICTIC_0(POSSESSOR of_dances) OBJECT(AGENT of_dancing) de OBJECT(LOCATION INFORMATION of_people) EVENT(AND_TERM1 of_AND) leur OBJECT(PATIENT of_singing) EVENT(AND_TERM2 of_AND) leurs OBJECT(PATIENT of_dancing),danserons,male,ASSERT,PROCESSIVE PREDICATE,,,,,
12,"we too, we shall sing our own songs, and do our own dances…", nous CONCEPT_CORE(QUALIFIER of_dancing) OBJECT_DEICTIC(AGENT of_dancing&POSSESSOR of_dances) devrait EVENT(AND_TERM1 of_AND) nos OBJECT(PATIENT of_singing) CONCEPT_CORE EVENT(AND_TERM2 of_AND) no OBJECT(PATIENT of_dancing) à nous_2,danser,male,EXPRESS DUTY (DEONTIC),PROCESSIVE PREDICATE,,,,,
13,"we too, we shall sing our own songs, and do our own dances…", nous CONCEPT_CORE(QUALIFIER of_dancing) OBJECT_DEICTIC(AGENT of_dancing&POSSESSOR of_dances) devrait EVENT(AND_TERM1 of_AND) nos OBJECT(PATIENT of_singing) CONCEPT_CORE EVENT(AND_TERM2 of_AND) no OBJECT(PATIENT of_dancing) à nous_2,danser,male,EXPRESS DUTY (DEONTIC),PROCESSIVE PREDICATE,,,,,
14,Everyone loves music and dance., OBJECT(AGENT of_loving) EVENT la OBJECT(AND_TERM1 of_AND) CONCEPT_CORE(PATIENT of_loving) la_2 OBJECT(AND_TERM2 of_AND),aime,male,ASSERT,PROCESSIVE PREDICATE,,,,,
15,"Then our elders will tell stories from the olden times, for the young to hear.", ensuite OBJECT_DEICTIC(POSSESSOR of_elders) OBJECT(AGENT of_telling) EVENT des OBJECT(PATIENT of_hearing) de l ancien temps pour que les OBJECT(AGENT of_hearing) les_2 EVENT(OBLIQUE ROLE OBJECTIVE of_telling),entendent,male,ASSERT,PROCESSIVE PREDICATE,,,,,
16,"Then our elders will tell stories from the olden times, for the young to hear.", ensuite OBJECT_DEICTIC(POSSESSOR of_elders) OBJECT(AGENT of_telling) EVENT des OBJECT(PATIENT of_hearing) de l ancien temps pour que les OBJECT(AGENT of_hearing) les_2 EVENT(OBLIQUE ROLE OBJECTIVE of_telling),entendent,male,ASSERT,PROCESSIVE PREDICATE,,,,,
17,They know so many stories., OBJECT_DEICTIC(AGENT of_knowing) EVENT CONCEPT_ATTRIBUTES(QUANTIFIER of_stories) d OBJECT(QUANTIFIER=so many_PATIENT of_knowing),connaissent,male,ASSERT,ATTRIBUTIVE PREDICATE,,,,,
18,"And then, in the late afternoon, our two communities will part again.", TIME en TIME(TIME INFORMATION of_parting) nos QUANTIFIER(QUANTIFIER of_communities) OBJECT(QUANTIFIER=two_AGENT of_parting) EVENT(EVENT TENSE=GENERIC FUTURE) TIME(QUALIFIER of_parting),se,male,ASSERT,PROCESSIVE PREDICATE,GENERIC FUTURE,,,,
19,This will be the end of a day of celebration., DEICTIC(AGENT of_equating) EVENT(EVENT TENSE=GENERIC FUTURE) la TIME_0(PATIENT of_equating) d une OBJECT_0(END OF X of_END OF X) TIME_1(PATIENT of_equating) OBJECT_1(END OF X of_END OF X),sera,male,ASSERT,EQUATIVE PREDICATE,GENERIC FUTURE,,,,
20,Remember that you and I are in charge of the organization this year., OBJECT_DEICTIC(AGENT of_remembering) te EVENT que toi et moi OBJECT_DEICTIC(AGENT of_being in charge of) EVENT(PATIENT of_remembering) l EVENT(PATIENT of_being in charge of) TIME(TIME INFORMATION of_being in charge of),organisation,male,ORDER,PROCESSIVE PREDICATE,,,,,
21,Remember that you and I are in charge of the organization this year., OBJECT_DEICTIC(AGENT of_remembering) te EVENT que toi et moi OBJECT_DEICTIC(AGENT of_being in charge of) EVENT(PATIENT of_remembering) l EVENT(PATIENT of_being in charge of) TIME(TIME INFORMATION of_being in charge of),organisation,male,ORDER,PROCESSIVE PREDICATE,,,,,
22,Remember that you and I are in charge of the organization this year., OBJECT_DEICTIC(AGENT of_remembering) te EVENT que toi et moi OBJECT_DEICTIC(AGENT of_being in charge of) EVENT(PATIENT of_remembering) l EVENT(PATIENT of_being in charge of) TIME(TIME INFORMATION of_being in charge of),organisation,male,ORDER,PROCESSIVE PREDICATE,,,,,
23,We should organize a meeting tomorrow morning in the community to tell our people what they should do, OBJECT_DEICTIC(AGENT of_organizing&POSSESSOR of_people) devrait EVENT une EVENT(PATIENT of_organizing) demain pour EVENT(OBLIQUE ROLE OBJECTIVE of_organizing) aux OBJECT(OBLIQUE ROLE DESTINATION of_telling&AGENT of_doing) CONCEPT_CORE(PATIENT of_doing) qu ils EVENT(PATIENT of_telling) faire,doivent,male,EXPRESS DUTY (DEONTIC),PROCESSIVE PREDICATE,,people,event wildcard,,
24,We should organize a meeting tomorrow morning in the community to tell our people what they should do, OBJECT_DEICTIC(AGENT of_organizing&POSSESSOR of_people) devrait EVENT une EVENT(PATIENT of_organizing) demain pour EVENT(OBLIQUE ROLE OBJECTIVE of_organizing) aux OBJECT(OBLIQUE ROLE DESTINATION of_telling&AGENT of_doing) CONCEPT_CORE(PATIENT of_doing) qu ils EVENT(PATIENT of_telling) faire,doivent,male,EXPRESS DUTY (DEONTIC),PROCESSIVE PREDICATE,,people,event wildcard,,
25,We should organize a meeting tomorrow morning in the community to tell our people what they should do, OBJECT_DEICTIC(AGENT of_organizing&POSSESSOR of_people) devrait EVENT une EVENT(PATIENT of_organizing) demain pour EVENT(OBLIQUE ROLE OBJECTIVE of_organizing) aux OBJECT(OBLIQUE ROLE DESTINATION of_telling&AGENT of_doing) CONCEPT_CORE(PATIENT of_doing) qu ils EVENT(PATIENT of_telling) faire,doivent,male,EXPRESS DUTY (DEONTIC),PROCESSIVE PREDICATE,,people,event wildcard,,
26,We should organize a meeting tomorrow morning in the community to tell our people what they should do, OBJECT_DEICTIC(AGENT of_organizing&POSSESSOR of_people) devrait EVENT une EVENT(PATIENT of_organizing) demain pour EVENT(OBLIQUE ROLE OBJECTIVE of_organizing) aux OBJECT(OBLIQUE ROLE DESTINATION of_telling&AGENT of_doing) CONCEPT_CORE(PATIENT of_doing) qu ils EVENT(PATIENT of_telling) faire,doivent,male,EXPRESS DUTY (DEONTIC),PROCESSIVE PREDICATE,,people,event wildcard,,
27,Some of us will clean the village, OBJECT_DEICTIC(QUANTIFIER=some_AGENT of_cleaning) EVENT(EVENT TENSE=GENERIC FUTURE) le OBJECT(PATIENT of_cleaning),nettoieront,male,ASSERT,PROCESSIVE PREDICATE,GENERIC FUTURE,,,,
28,Other people will make the costumes for the dances., d CONCEPT_ATTRIBUTES(QUALIFIER of_people) EVENT les OBJECT(QUANTIFIER=PLURAL_PATIENT of_making) pour les_2 OBJECT(QUANTIFIER=PLURAL_OBLIQUE ROLE OBJECTIVE of_making),confectionneront,male,ASSERT,PROCESSIVE PREDICATE,,,,,
29,We must choose dances to showcase, OBJECT_DEICTIC(AGENT of_having to) EVENT EVENT(PATIENT of_having to) les OBJECT(PATIENT of_choosing) à EVENT(QUALIFIER of_dances),présenter,male,ASSERT,PROCESSIVE PREDICATE,,,,,
30,We must choose dances to showcase, OBJECT_DEICTIC(AGENT of_having to) EVENT EVENT(PATIENT of_having to) les OBJECT(PATIENT of_choosing) à EVENT(QUALIFIER of_dances),présenter,male,ASSERT,PROCESSIVE PREDICATE,,,,,
31,We must choose dances to showcase, OBJECT_DEICTIC(AGENT of_having to) EVENT EVENT(PATIENT of_having to) les OBJECT(PATIENT of_choosing) à EVENT(QUALIFIER of_dances),présenter,male,ASSERT,PROCESSIVE PREDICATE,,,,,
32,and we must rehearse them, et OBJECT_DEICTIC(AGENT of_having to) EVENT OBJECT_DEICTIC(PATIENT of_rehearsing) EVENT(PATIENT of_having to),répéter,male,ASSERT,PROCESSIVE PREDICATE,,,,,
33,and we must rehearse them, et OBJECT_DEICTIC(AGENT of_having to) EVENT OBJECT_DEICTIC(PATIENT of_rehearsing) EVENT(PATIENT of_having to),répéter,male,ASSERT,PROCESSIVE PREDICATE,,,,,
34,"Also, don’t forget", et aussi n EVENT(POLARITY=NEGATIVE) pas,oublie,male,ORDER,PROCESSIVE PREDICATE,,PP2SG,,,NEGATIVE
35,we’ll have to prepare enough food for two hundred people., OBJECT_DEICTIC(AGENT of_having to) EVENT(EVENT TENSE=GENERIC FUTURE) EVENT(PATIENT of_having to) assez de OBJECT(PATIENT of_preparing) pour QUANTIFIER(QUANTIFIER of_people) OBJECT(QUANTIFIER=two hundred_OBLIQUE ROLE OBJECTIVE of_preparing),préparer,male,ASSERT,PROCESSIVE PREDICATE,GENERIC FUTURE,,,,
36,we’ll have to prepare enough food for two hundred people., OBJECT_DEICTIC(AGENT of_having to) EVENT(EVENT TENSE=GENERIC FUTURE) EVENT(PATIENT of_having to) assez de OBJECT(PATIENT of_preparing) pour QUANTIFIER(QUANTIFIER of_people) OBJECT(QUANTIFIER=two hundred_OBLIQUE ROLE OBJECTIVE of_preparing),préparer,male,ASSERT,PROCESSIVE PREDICATE,GENERIC FUTURE,,,,
37,"Oh dear, that will be so much work for us all.", oh la la_2 DEICTIC(AGENT of_equating) EVENT CONCEPT_ATTRIBUTES(QUANTIFIER of_work) de OBJECT(QUANTIFIER=so much_PATIENT of_equating) pour tout le monde,va,male,ASSERT,EQUATIVE PREDICATE,,,,,
38,Let's start today!, EVENT dès TIME(TIME INFORMATION of_starting),commençons,male,ORDER,PROCESSIVE PREDICATE,,,,,
39,Where are you going?, OBJECT_DEICTIC(AGENT of_going) EVENT CONCEPT_CORE(OBLIQUE ROLE DESTINATION of_going),allez,female,ASK,PROCESSIVE PREDICATE,,,,,
40,"Well, we’re walking down to the river, over there.", eh ben OBJECT_DEICTIC(AGENT of_walking) EVENT à la OBJECT(OBLIQUE ROLE DESTINATION of_walking),descend,male,ASSERT,PROCESSIVE PREDICATE,,,,,
41,Are you going to be bathing?, OBJECT_DEICTIC(AGENT of_bathing) EVENT_1(EVENT TENSE=SHORTLY AFTER NOW) vous_2 EVENT_0(EVENT TENSE=SHORTLY AFTER NOW),baigner,female,ASK,PROCESSIVE PREDICATE,SHORTLY AFTER NOW,PP2DU,,,
42,"No, no! We won’t be bathing.", non non_2 OBJECT_DEICTIC(AGENT of_bathing) ne EVENT_0(EVENT TENSE=SHORTLY AFTER NOW&POLARITY=NEGATIVE) pas EVENT_1(EVENT TENSE=SHORTLY AFTER NOW&POLARITY=NEGATIVE) EVENT_2(EVENT TENSE=SHORTLY AFTER NOW&POLARITY=NEGATIVE),va,male,ASSERT,PROCESSIVE PREDICATE,SHORTLY AFTER NOW,,,,
43,We’re going fishing., OBJECT_DEICTIC(AGENT of_going) EVENT EVENT(OBLIQUE ROLE DESTINATION of_going),pêcher,male,ASSERT,PROCESSIVE PREDICATE,,,,EVENT,
44,We’re going fishing., OBJECT_DEICTIC(AGENT of_going) EVENT EVENT(OBLIQUE ROLE DESTINATION of_going),pêcher,male,ASSERT,PROCESSIVE PREDICATE,,,,EVENT,
45,We’ll try to catch some river fish for dinner., OBJECT_DEICTIC(AGENT of_trying) EVENT de EVENT(PATIENT of_trying) du OBJECT(PATIENT of_catching) pour le OBJECT(TIME INFORMATION of_catching),pêcher,male,ASSERT,PROCESSIVE PREDICATE,,,,,
46,We’ll try to catch some river fish for dinner., OBJECT_DEICTIC(AGENT of_trying) EVENT de EVENT(PATIENT of_trying) du OBJECT(PATIENT of_catching) pour le OBJECT(TIME INFORMATION of_catching),pêcher,male,ASSERT,PROCESSIVE PREDICATE,,,,,
47,I didn’t know., OBJECT_DEICTIC(AGENT of_knowing) ne EVENT(EVENT TENSE=GENERIC PAST&POLARITY=NEGATIVE) pas,savais,female,ASSERT,PROCESSIVE PREDICATE,GENERIC PAST,,,,
48,We just need food for our family., OBJECT_DEICTIC(AGENT of_needing&POSSESSOR of_family) EVENT_0 juste EVENT_1 de OBJECT(PATIENT of_needing) pour notre OBJECT(OBLIQUE ROLE OBJECTIVE of_needing),a,male,ASSERT,PROCESSIVE PREDICATE,,,,,
49,My wife had bought a chicken at the market the other day, OBJECT_DEICTIC(POSSESSOR of_wife) OBJECT(AGENT of_buying) EVENT(EVENT TENSE=GENERIC PAST) un OBJECT(PATIENT of_buying) au OBJECT(LOCATION INFORMATION of_buying) TIME(TIME INFORMATION of_buying),avait,male,ASSERT,PROCESSIVE PREDICATE,GENERIC PAST,,,,
50,but our children ate it all already, CONCEPT_CORE nos OBJECT(AGENT of_eating) OBJECT_DEICTIC(PATIENT of_eating) EVENT_0(EVENT TENSE=GENERIC PAST_BUT CONSEQUENT of_BUT) TIME(TIME INFORMATION of_eating) tout EVENT_1(EVENT TENSE=GENERIC PAST_BUT CONSEQUENT of_BUT),ont,male,ASSERT,PROCESSIVE PREDICATE,GENERIC PAST,,,,
51,now we have nothing left at home!, maintenant OBJECT_DEICTIC(AGENT of_possessing) n EVENT OBJECT(PATIENT of_possessing) à la OBJECT(LOCATION INFORMATION of_possessing),avons,male,ASSERT,PROCESSIVE PREDICATE,,,,,
52,"Besides, we don’t have enough money anymore.", en TIME(TIME INFORMATION of_possessing) OBJECT_DEICTIC(AGENT of_possessing) n EVENT(POLARITY=NEGATIVE) plus_2 assez d OBJECT(PATIENT of_possessing),a,male,ASSERT,EXISTENTIAL PREDICATE,,,,,
53,We really have to go fishing today., EVENT(QUANTIFIER=INTENSIFIER) vraiment qu OBJECT_DEICTIC(AGENT of_having to) EVENT(PATIENT of_having to) EVENT(OBLIQUE ROLE OBJECTIVE of_going) TIME(TIME INFORMATION of_having to),aille,male,ASSERT,PROCESSIVE PREDICATE,,,,,
54,We really have to go fishing today., EVENT(QUANTIFIER=INTENSIFIER) vraiment qu OBJECT_DEICTIC(AGENT of_having to) EVENT(PATIENT of_having to) EVENT(OBLIQUE ROLE OBJECTIVE of_going) TIME(TIME INFORMATION of_having to),aille,male,ASSERT,PROCESSIVE PREDICATE,,,,,
55,We really have to go fishing today., EVENT(QUANTIFIER=INTENSIFIER) vraiment qu OBJECT_DEICTIC(AGENT of_having to) EVENT(PATIENT of_having to) EVENT(OBLIQUE ROLE OBJECTIVE of_going) TIME(TIME INFORMATION of_having to),aille,male,ASSERT,PROCESSIVE PREDICATE,,,,,
56,I’m sorry that you have no food left., OBJECT_DEICTIC(AGENT of_being sorry) EVENT que OBJECT_DEICTIC(AGENT of_possessing) n EVENT(POLARITY=NEGATIVE_OBLIQUE ROLE ORIGIN of_being sorry) plus rien OBJECT(PATIENT of_possessing),ayez,female,ASSERT,ATTRIBUTIVE PREDICATE,,,,,
57,I’m sorry that you have no food left., OBJECT_DEICTIC(AGENT of_being sorry) EVENT que OBJECT_DEICTIC(AGENT of_possessing) n EVENT(POLARITY=NEGATIVE_OBLIQUE ROLE ORIGIN of_being sorry) plus rien OBJECT(PATIENT of_possessing),ayez,female,ASSERT,ATTRIBUTIVE PREDICATE,,,,,
58,"I can help you, my friends.", OBJECT_DEICTIC(AGENT of_being able to) EVENT OBJECT_DEICTIC(PATIENT of_helping) EVENT(COMPLEMENT of_being able to) les amis,aider,female,ASSERT,PROCESSIVE PREDICATE,,,,,
59,"I can help you, my friends.", OBJECT_DEICTIC(AGENT of_being able to) EVENT OBJECT_DEICTIC(PATIENT of_helping) EVENT(COMPLEMENT of_being able to) les amis,aider,female,ASSERT,PROCESSIVE PREDICATE,,,,,
60,"My husband and I, we have lots of vegetables from our garden.", mon OBJECT(AND_TERM1 of_AND) CONCEPT_CORE OBJECT_DEICTIC(AND_TERM2 of_AND) on EVENT plein de OBJECT(PATIENT of_possessing) du OBJECT(LOCATION INFORMATION of_vegetables),a,female,ASSERT,ATTRIBUTIVE PREDICATE,,,,,
61,"which he harvested yesterday, and brought home.", OBJECT_DEICTIC(PATIENT of_bringing) OBJECT_DEICTIC(AGENT of_bringing) a EVENT(EVENT TENSE=GENERIC PAST_AND_TERM1 of_AND) TIME(TIME INFORMATION of_harvesting) CONCEPT_CORE EVENT(EVENT TENSE=GENERIC PAST_AND_TERM2 of_AND) à la OBJECT(LOCATION INFORMATION of_bringing),ramené,female,ASSERT,PROCESSIVE PREDICATE,GENERIC PAST,,,,
62,"which he harvested yesterday, and brought home.", OBJECT_DEICTIC(PATIENT of_bringing) OBJECT_DEICTIC(AGENT of_bringing) a EVENT(EVENT TENSE=GENERIC PAST_AND_TERM1 of_AND) TIME(TIME INFORMATION of_harvesting) CONCEPT_CORE EVENT(EVENT TENSE=GENERIC PAST_AND_TERM2 of_AND) à la OBJECT(LOCATION INFORMATION of_bringing),ramené,female,ASSERT,PROCESSIVE PREDICATE,GENERIC PAST,,,,
63,"If you want, we can give you some.", CONCEPT_CORE OBJECT_DEICTIC(AGENT of_wanting) EVENT(ANTECEDENT of_CONDITION) OBJECT_DEICTIC(AGENT of_giving) EVENT(CONSEQUENT of_CONDITION) vous_2 OBJECT_DEICTIC(QUANTIFIER=some_PATIENT of_giving) EVENT(COMPLEMENT of_being able to),donner,female,ASSERT,PROCESSIVE PREDICATE,,,,,
64,"If you want, we can give you some.", CONCEPT_CORE OBJECT_DEICTIC(AGENT of_wanting) EVENT(ANTECEDENT of_CONDITION) OBJECT_DEICTIC(AGENT of_giving) EVENT(CONSEQUENT of_CONDITION) vous_2 OBJECT_DEICTIC(QUANTIFIER=some_PATIENT of_giving) EVENT(COMPLEMENT of_being able to),donner,female,ASSERT,PROCESSIVE PREDICATE,,,,,
65,"If you want, we can give you some.", CONCEPT_CORE OBJECT_DEICTIC(AGENT of_wanting) EVENT(ANTECEDENT of_CONDITION) OBJECT_DEICTIC(AGENT of_giving) EVENT(CONSEQUENT of_CONDITION) vous_2 OBJECT_DEICTIC(QUANTIFIER=some_PATIENT of_giving) EVENT(COMPLEMENT of_being able to),donner,female,ASSERT,PROCESSIVE PREDICATE,,,,,
66,You’ll give us some vegetables, OBJECT_DEICTIC(AGENT of_giving) OBJECT_DEICTIC(OBLIQUE ROLE DESTINATION of_giving) EVENT(EVENT TENSE=GENERIC FUTURE) des OBJECT(QUANTIFIER=some_PATIENT of_giving),donnerez,male,ASSERT,PROCESSIVE PREDICATE,GENERIC FUTURE,,,,
67,and we’ll give you some fish., CONCEPT_CORE OBJECT_DEICTIC(AGENT of_giving) OBJECT_DEICTIC(OBLIQUE ROLE DESTINATION of_giving) EVENT(EVENT TENSE=GENERIC FUTURE_AND_TERM2 of_AND) du OBJECT(QUANTIFIER=some_PATIENT of_giving),donnera,male,ASSERT,PROCESSIVE PREDICATE,GENERIC FUTURE,PP1EXCDU,fish,PP2PLU,
68,Tonight we will all eat together., TIME(TIME INFORMATION of_eating) OBJECT_DEICTIC(AGENT of_eating) EVENT(EVENT TENSE=GENERIC FUTURE) CONCEPT_CORE(QUALIFIER of_eating),mangera,male,ASSERT,PROCESSIVE PREDICATE,GENERIC FUTURE,,,,
69,Have you ever seen pictures of my family?, OBJECT_DEICTIC(AGENT of_seeing) EVENT_0(EVENT TENSE=GENERIC PAST) déjà EVENT_1(EVENT TENSE=GENERIC PAST) des OBJECT(PATIENT of_seeing) de OBJECT_DEICTIC(POSSESSOR of_family) OBJECT(OBLIQUE ROLE ORIGIN of_picture),as,male,ASK,PROCESSIVE PREDICATE,GENERIC PAST,,,,
70,"Well, I’ve met some of your relatives, but I’ve never seen your pictures.", eh bien j EVENT_0(EVENT TENSE=GENERIC PAST_BUT ANTECEDENT of_BUT) déjà EVENT_1(EVENT TENSE=GENERIC PAST_BUT ANTECEDENT of_BUT) des OBJECT_0(QUANTIFIER=some_PATIENT of_meeting) OBJECT_1(QUANTIFIER=some_PATIENT of_meeting) OBJECT_DEICTIC(POSSESSOR of_picture) OBJECT_2(QUANTIFIER=some_PATIENT of_meeting) CONCEPT_CORE je n ai_2 TIME(TIME INFORMATION of_seeing) EVENT_0(EVENT TENSE=GENERIC PAST&POLARITY=NEGATIVE_BUT CONSEQUENT of_BUT) tes OBJECT(QUANTIFIER=PLURAL_PATIENT of_seeing),ai,female,ASSERT,PROCESSIVE PREDICATE,GENERIC PAST,,,,
71,"Well, I’ve met some of your relatives, but I’ve never seen your pictures.", eh bien j EVENT_0(EVENT TENSE=GENERIC PAST_BUT ANTECEDENT of_BUT) déjà EVENT_1(EVENT TENSE=GENERIC PAST_BUT ANTECEDENT of_BUT) des OBJECT_0(QUANTIFIER=some_PATIENT of_meeting) OBJECT_1(QUANTIFIER=some_PATIENT of_meeting) OBJECT_DEICTIC(POSSESSOR of_picture) OBJECT_2(QUANTIFIER=some_PATIENT of_meeting) CONCEPT_CORE je n ai_2 TIME(TIME INFORMATION of_seeing) EVENT_0(EVENT TENSE=GENERIC PAST&POLARITY=NEGATIVE_BUT CONSEQUENT of_BUT) tes OBJECT(QUANTIFIER=PLURAL_PATIENT of_seeing),ai,female,ASSERT,PROCESSIVE PREDICATE,GENERIC PAST,,,,
72,Here is an old photo album I just found in my parents’ room., INTELLECT un TIME(QUALIFIER of_photo album) OBJECT(PRESENT X of_PRESENT X&PATIENT of_finding) que OBJECT_DEICTIC(AGENT of_finding) EVENT(EVENT TENSE=JUST A MOMENT AGO) dans la OBJECT(LOCATION INFORMATION of_finding) de mes OBJECT(POSSESSOR of_room),ai,male,ASSERT,PRESENTATIVE PREDICATE,JUST A MOMENT AGO,,,,
73,"Oh, show it to me please!", oh EVENT OBJECT_DEICTIC(PATIENT of_showing) OBJECT_DEICTIC(OBLIQUE ROLE DESTINATION of_showing),montre,female,ORDER,PROCESSIVE PREDICATE,,,,,
74,Who’s this on that first photo?, OBJECT(PATIENT of_equating) EVENT sur DEICTIC(AGENT of_equating) NUMBER(QUALIFIER of_photo) OBJECT(LOCATION INFORMATION of_equating),est,female,ASK,EQUATIVE PREDICATE,,POINTED BY SPEAKER,PERSON wildcard,,
75,It looks like olden times., OBJECT_DEICTIC(AGENT of_looking like) EVENT TIME(PATIENT of_looking like),paraît,female,EXPRESS LIKELIHOOD,PROCESSIVE PREDICATE,,,,,
76,It's in black and white., OBJECT_DEICTIC(AGENT of_exhibiting (an attribute)) EVENT en CONCEPT_CORE(PATIENT of_exhibiting (an attribute)),est,female,ASSERT,ATTRIBUTIVE PREDICATE,,,,,
77,"These are my grandparents, on my mother’s side.", DEICTIC(AGENT of_presenting (presentative)) EVENT OBJECT_DEICTIC(POSSESSOR of_grandparents) OBJECT(PATIENT of_presenting (presentative)) OBJECT(QUALIFIER of_grandparents),sont,male,ASSERT,PRESENTATIVE PREDICATE,,POINTED BY SPEAKER,grandparents,,
78,"The people around them must be their friends, or other relatives.", les OBJECT(AGENT of_equating) SPACE(LOCATION INFORMATION of_people) doivent EVENT leurs OBJECT(OR_TERM1 of_OR) CONCEPT_CORE(PATIENT of_equating) OBJECT(OR_TERM2 of_OR),être,male,EXPRESS LIKELIHOOD,EQUATIVE PREDICATE,,people,OR,,
79,Was that the day of their wedding?, c EVENT le TIME(PATIENT of_equating) de OBJECT_DEICTIC(POSSESSOR of_wedding) OBJECT(QUALIFIER of_day),était,female,ASK,EQUATIVE PREDICATE,,,,,
80,"No, I don’t think so.", non OBJECT_DEICTIC(AGENT of_thinking) ne EVENT(POLARITY=NEGATIVE) pas,pense,male,INFIRM,PROCESSIVE PREDICATE,,,,,
81,They were older than this on their wedding. , OBJECT_DEICTIC(POSSESSOR of_wedding&AGENT of_exhibiting (an attribute)) EVENT(EVENT TENSE=GENERIC PAST) TIME(PATIENT of_exhibiting (an attribute)) OBJECT_DEICTIC(OLDER THAN X of_OLDER THAN X) à leur OBJECT(TIME INFORMATION of_exhibiting (an attribute)),étaient,male,ASSERT,ATTRIBUTIVE PREDICATE,GENERIC PAST,,,,
82,This must have been the day when they got engaged., DEICTIC(AGENT of_equating) doit EVENT le TIME(PATIENT of_equating) où OBJECT_DEICTIC(AGENT of_getting engaged) EVENT(EVENT TENSE=GENERIC PAST_QUALIFIER of_day),se,male,EXPRESS LIKELIHOOD,PROCESSIVE PREDICATE,GENERIC PAST,,,,
83,This must have been the day when they got engaged., DEICTIC(AGENT of_equating) doit EVENT le TIME(PATIENT of_equating) où OBJECT_DEICTIC(AGENT of_getting engaged) EVENT(EVENT TENSE=GENERIC PAST_QUALIFIER of_day),se,male,EXPRESS LIKELIHOOD,PROCESSIVE PREDICATE,GENERIC PAST,,,,
84,"In those times, the engagement was a major event for the whole family,", TIME(TIME INFORMATION of_equating) les OBJECT(AGENT of_equating) EVENT un OBJECT(PATIENT of_equating) CONCEPT_ATTRIBUTES(QUALIFIER of_event_) pour toute la OBJECT(OBLIQUE ROLE DESTINATION of_equating),étaient,male,ASSERT,EQUATIVE PREDICATE,,engagement,event_,family,
85,People would wear beautiful clothes., les OBJECT(AGENT of_wearing) EVENT(ASPECT=HABITUAL) des OBJECT(PATIENT of_wearing) CONCEPT_CORE(QUALIFIER of_clothes),portaient,male,ASSERT,PROCESSIVE PREDICATE,,,,,
86,Have you met them?, OBJECT_DEICTIC(AGENT of_meeting) OBJECT_DEICTIC(PATIENT of_meeting) as EVENT(EVENT TENSE=GENERIC PAST),connus,female,ASK,PROCESSIVE PREDICATE,GENERIC PAST,,,,
87,They died before I was born., OBJECT_DEICTIC(AGENT of_dying) EVENT(EVENT TENSE=GENERIC PAST) TIME(TIME INFORMATION of_dying) OBJECT_DEICTIC(AGENT of_being born) EVENT(EVENT TENSE=GENERIC PAST_BEFORE X of_BEFORE X),naisse,male,ASSERT,PROCESSIVE PREDICATE,GENERIC PAST,PP1SG,,,
88,They died before I was born., OBJECT_DEICTIC(AGENT of_dying) EVENT(EVENT TENSE=GENERIC PAST) TIME(TIME INFORMATION of_dying) OBJECT_DEICTIC(AGENT of_being born) EVENT(EVENT TENSE=GENERIC PAST_BEFORE X of_BEFORE X),naisse,male,ASSERT,PROCESSIVE PREDICATE,GENERIC PAST,PP1SG,,,
89,They were born a long time ago., OBJECT_DEICTIC(AGENT of_being born) EVENT(EVENT TENSE=A LONG TIME AGO) TIME(TIME INFORMATION of_being born),sont,male,ASSERT,ATTRIBUTIVE PREDICATE,A LONG TIME AGO,,,,
90,And who’s that on the second photo?, et OBJECT(PATIENT of_equating) DEICTIC(AGENT of_equating) EVENT sur la NUMBER(QUALIFIER of_photo) OBJECT(LOCATION INFORMATION of_equating),est,male,ASK,EQUATIVE PREDICATE,,POINTED BY SPEAKER,PERSON wildcard,,
91,This is my mother, DEICTIC(AGENT of_equating) EVENT OBJECT_DEICTIC(POSSESSOR of_mother) OBJECT(PATIENT of_equating),est,male,ASSERT,EQUATIVE PREDICATE,,POINTED BY SPEAKER,mother,,
92,when she was a child, TIME(TIME INFORMATION of_equating) OBJECT_DEICTIC(AGENT of_equating) EVENT(EVENT TENSE=GENERIC PAST) OBJECT(PATIENT of_equating),était,male,ASSERT,EQUATIVE PREDICATE,GENERIC PAST,,,,
93,I guess she was coming back from school, OBJECT_DEICTIC(AGENT of_guessing) EVENT qu OBJECT_DEICTIC(AGENT of_coming) EVENT(EVENT TENSE=A LONG TIME AGO_PATIENT of_guessing) de l OBJECT(OBLIQUE ROLE ORIGIN of_coming),revenait,male,EXPRESS LIKELIHOOD,PROCESSIVE PREDICATE,A LONG TIME AGO,,,,
94,I guess she was coming back from school, OBJECT_DEICTIC(AGENT of_guessing) EVENT qu OBJECT_DEICTIC(AGENT of_coming) EVENT(EVENT TENSE=A LONG TIME AGO_PATIENT of_guessing) de l OBJECT(OBLIQUE ROLE ORIGIN of_coming),revenait,male,EXPRESS LIKELIHOOD,PROCESSIVE PREDICATE,A LONG TIME AGO,,,,
95,look at her schoolbag., EVENT OBJECT_DEICTIC(POSSESSOR of_schoolbag) OBJECT(PATIENT of_looking),regarde,male,ORDER,PROCESSIVE PREDICATE,,,,,
96,And who is the small boy behind her?, et OBJECT(AGENT of_equating) EVENT le CONCEPT_CORE(QUALIFIER of_boy) OBJECT(PATIENT of_equating) SPACE(LOCATION INFORMATION of_boy) OBJECT_DEICTIC,est,male,ASK,EQUATIVE PREDICATE,,PERSON wildcard,boy,,
97,That’s my uncle Teri., DEICTIC(AGENT of_equating) EVENT OBJECT_DEICTIC(POSSESSOR of_uncle) OBJECT(PATIENT of_equating) THING(QUALIFIER of_uncle),est,male,ASSERT,EQUATIVE PREDICATE,,,,,
98,You’ve never met him., OBJECT_DEICTIC(AGENT of_meeting) ne OBJECT_DEICTIC(PATIENT of_meeting) EVENT_0 TIME(TIME INFORMATION of_meeting) EVENT_1,as,male,ASSERT,PROCESSIVE PREDICATE,,,,,
99,He lives far away from here., OBJECT_DEICTIC(AGENT of_residing) EVENT SPACE(LOCATION INFORMATION of_residing) d DEICTIC(OBLIQUE ROLE ORIGIN of_far away),habite,male,ASSERT,PROCESSIVE PREDICATE,,,,,
100,And what school did they attend then?, et à CONCEPT_CORE(QUALIFIER of_school) OBJECT(PATIENT of_attending) OBJECT_DEICTIC(AGENT of_attending) EVENT(EVENT TENSE=A LONG TIME AGO) TIME(TIME INFORMATION of_attending),allaient,female,ASK,ATTRIBUTIVE PREDICATE,A LONG TIME AGO,,,,
101,That was an old school that doesn’t exist anymore., OBJECT_DEICTIC(AGENT of_equating) EVENT(EVENT TENSE=GENERIC PAST) une TIME(QUALIFIER of_school) OBJECT(PATIENT of_equating) qui n EVENT(POLARITY=NEGATIVE) TIME(TIME INFORMATION of_existing),était,male,ASSERT,EQUATIVE PREDICATE,GENERIC PAST,,,,
102,That was an old school that doesn’t exist anymore., OBJECT_DEICTIC(AGENT of_equating) EVENT(EVENT TENSE=GENERIC PAST) une TIME(QUALIFIER of_school) OBJECT(PATIENT of_equating) qui n EVENT(POLARITY=NEGATIVE) TIME(TIME INFORMATION of_existing),était,male,ASSERT,EQUATIVE PREDICATE,GENERIC PAST,,,,
103,"It was located down the road, towards the lake.", OBJECT_DEICTIC(AGENT of_BEING LOCATED) EVENT SPACE(AND_TERM1 of_AND) SPACE(AND_TERM2 of_AND) le OBJECT(TOWARD X of_TOWARD X),était,male,ASSERT,LOCATIVE PREDICATE,,,,,
104,Let me see this other photo., EVENT OBJECT_DEICTIC(PATIENT of_allowing) EVENT(OBLIQUE ROLE OBJECTIVE of_allowing) DEICTIC(LOCATION INFORMATION of_picture) CONCEPT_CORE(PATIENT of_seeing) OBJECT(OTHER X of_OTHER X),regarder,female,ORDER,PROCESSIVE PREDICATE,,,,,
105,Let me see this other photo., EVENT OBJECT_DEICTIC(PATIENT of_allowing) EVENT(OBLIQUE ROLE OBJECTIVE of_allowing) DEICTIC(LOCATION INFORMATION of_picture) CONCEPT_CORE(PATIENT of_seeing) OBJECT(OTHER X of_OTHER X),regarder,female,ORDER,PROCESSIVE PREDICATE,,,,,
106,"This woman is surely your mother again, carrying a child on her back.", DEICTIC(LOCATION INFORMATION of_women) OBJECT(DEFINITENESS=DEFINITE_AGENT of_equating) EVENT LOGIC(QUALIFIER of_equating) TIME OBJECT_DEICTIC(POSSESSOR of_mother) OBJECT(AGENT of_carrying&PATIENT of_equating) EVENT un OBJECT(PATIENT of_carrying) sur OBJECT_DEICTIC(POSSESSOR of_back (anatomy)) OBJECT(LOCATION INFORMATION of_carrying),est,female,EXPRESS LIKELIHOOD,EQUATIVE PREDICATE,,women,mother,,
107,"This woman is surely your mother again, carrying a child on her back.", DEICTIC(LOCATION INFORMATION of_women) OBJECT(DEFINITENESS=DEFINITE_AGENT of_equating) EVENT LOGIC(QUALIFIER of_equating) TIME OBJECT_DEICTIC(POSSESSOR of_mother) OBJECT(AGENT of_carrying&PATIENT of_equating) EVENT un OBJECT(PATIENT of_carrying) sur OBJECT_DEICTIC(POSSESSOR of_back (anatomy)) OBJECT(LOCATION INFORMATION of_carrying),est,female,EXPRESS LIKELIHOOD,EQUATIVE PREDICATE,,women,mother,,
108,"Oh, I think I know who this child is.", oh OBJECT_DEICTIC(AGENT of_knowing) EVENT que je_2 EVENT(PATIENT of_thinking) OBJECT(PATIENT of_equating) EVENT(PATIENT of_knowing) DEICTIC(LOCATION INFORMATION of_children) OBJECT(AGENT of_equating),est,male,EXPRESS BELIEF (EPISTEMIC),PROCESSIVE PREDICATE,,children,PERSON wildcard,,
109,"Oh, I think I know who this child is.", oh OBJECT_DEICTIC(AGENT of_knowing) EVENT que je_2 EVENT(PATIENT of_thinking) OBJECT(PATIENT of_equating) EVENT(PATIENT of_knowing) DEICTIC(LOCATION INFORMATION of_children) OBJECT(AGENT of_equating),est,male,EXPRESS BELIEF (EPISTEMIC),PROCESSIVE PREDICATE,,children,PERSON wildcard,,
110,"Oh, I think I know who this child is.", oh OBJECT_DEICTIC(AGENT of_knowing) EVENT que je_2 EVENT(PATIENT of_thinking) OBJECT(PATIENT of_equating) EVENT(PATIENT of_knowing) DEICTIC(LOCATION INFORMATION of_children) OBJECT(AGENT of_equating),est,male,EXPRESS BELIEF (EPISTEMIC),PROCESSIVE PREDICATE,,children,PERSON wildcard,,
111,That’s you!, DEICTIC(AGENT of_equating) EVENT OBJECT_DEICTIC(PATIENT of_equating),est,female,ASSERT,EQUATIVE PREDICATE,,POINTED BY SPEAKER,PP2SG,,
112,That's me indeed!, DEICTIC(AGENT of_equating) EVENT OBJECT_DEICTIC(PATIENT of_equating) en effet,est,male,CONFIRM,EQUATIVE PREDICATE,,POINTED BY SPEAKER,PP1SG,,
113,How did you recognize me?, CONCEPT_CORE(OBLIQUE ROLE MANNER of_recognizing) OBJECT_DEICTIC(AGENT of_recognizing) OBJECT_DEICTIC(PATIENT of_recognizing) EVENT,as,male,ASK,PROCESSIVE PREDICATE,,,,,
114,"Well, on that photo you’re a small child,", eh bien sur DEICTIC(LOCATION INFORMATION of_photo) OBJECT(LOCATION INFORMATION of_exhibiting (an attribute)) OBJECT_DEICTIC(AGENT of_exhibiting (an attribute)) EVENT un CONCEPT_CORE(QUALIFIER of_children) OBJECT(PATIENT of_exhibiting (an attribute)),est,female,ASSERT,ATTRIBUTIVE PREDICATE,,PP2SG,children,,
115,but I recognize your eyes and your smile., CONCEPT_CORE OBJECT_DEICTIC(AGENT of_recognizing) EVENT(BUT CONSEQUENT of_BUT) OBJECT_DEICTIC(POSSESSOR of_smile) OBJECT(AND_TERM1 of_AND) CONCEPT_CORE(PATIENT of_recognizing) ton OBJECT(AND_TERM2 of_AND),reconnais,female,ASSERT,PROCESSIVE PREDICATE,,,,,
116,You look mischievous on that picture., OBJECT_DEICTIC(AGENT of_looking like) EVENT CONCEPT_CORE(PATIENT of_looking like) sur DEICTIC(LOCATION INFORMATION of_picture) OBJECT(LOCATION INFORMATION of_looking like),as,female,ASSERT,PROCESSIVE PREDICATE,,,,,
117,You haven’t changed much!, OBJECT_DEICTIC(AGENT of_changing (over time)) n EVENT_0(EVENT TENSE=GENERIC PAST&ASPECT=PROGRESSIVE&POLARITY=NEGATIVE) pas CONCEPT_ATTRIBUTES(QUALIFIER of_changing (over time)) EVENT_1(EVENT TENSE=GENERIC PAST&ASPECT=PROGRESSIVE&POLARITY=NEGATIVE),as,female,ASSERT,PROCESSIVE PREDICATE,GENERIC PAST,,,,
118,"But I’m not a child any more, I’ve grown up.", CONCEPT_CORE(AND_TERM1 of_AND) OBJECT_DEICTIC(AGENT of_equating) ne EVENT(POLARITY=NEGATIVE_BUT CONSEQUENT of_BUT) TIME(QUALIFIER of_equating) un OBJECT(PATIENT of_equating) j EVENT(EVENT TENSE=GENERIC PAST_AND_TERM2 of_AND),suis,male,ASSERT,EQUATIVE PREDICATE,GENERIC PAST,PP1SG,children,,NEGATIVE
119,"But I’m not a child any more, I’ve grown up.", CONCEPT_CORE(AND_TERM1 of_AND) OBJECT_DEICTIC(AGENT of_equating) ne EVENT(POLARITY=NEGATIVE_BUT CONSEQUENT of_BUT) TIME(QUALIFIER of_equating) un OBJECT(PATIENT of_equating) j EVENT(EVENT TENSE=GENERIC PAST_AND_TERM2 of_AND),suis,male,ASSERT,EQUATIVE PREDICATE,GENERIC PAST,PP1SG,children,,NEGATIVE
120,Today my mother would not be able to carry me on her back!, TIME(TIME INFORMATION of_carrying) ma OBJECT(AGENT of_carrying) ne EVENT pas OBJECT_DEICTIC(POSSESSOR of_mother&PATIENT of_carrying) EVENT(POLARITY=NEGATIVE_COMPLEMENT of_being able to) sur OBJECT_DEICTIC(POSSESSOR of_back (anatomy)) OBJECT(LOCATION INFORMATION of_carrying),porter,male,ASSERT,PROCESSIVE PREDICATE,,,,,
121,Today my mother would not be able to carry me on her back!, TIME(TIME INFORMATION of_carrying) ma OBJECT(AGENT of_carrying) ne EVENT pas OBJECT_DEICTIC(POSSESSOR of_mother&PATIENT of_carrying) EVENT(POLARITY=NEGATIVE_COMPLEMENT of_being able to) sur OBJECT_DEICTIC(POSSESSOR of_back (anatomy)) OBJECT(LOCATION INFORMATION of_carrying),porter,male,ASSERT,PROCESSIVE PREDICATE,,,,,
122,I’m taller and heavier than her., OBJECT_DEICTIC(AGENT of_exhibiting (an attribute)) EVENT LOGIC_0(PATIENT of_exhibiting (an attribute)) CONCEPT_CORE(AND_TERM1 of_AND) CONCEPT_CORE(COMPARER of_MORE X THAN Y&PATIENT of_equating) plus_2 CONCEPT_CORE(AND_TERM2 of_AND) LOGIC_1(PATIENT of_exhibiting (an attribute)) OBJECT_DEICTIC(COMPAREE of_MORE X THAN Y&AGENT of_equating),suis,male,ASSERT,PROCESSIVE PREDICATE,,PP3SG,AND,,
123,I’m taller and heavier than her., OBJECT_DEICTIC(AGENT of_exhibiting (an attribute)) EVENT LOGIC_0(PATIENT of_exhibiting (an attribute)) CONCEPT_CORE(AND_TERM1 of_AND) CONCEPT_CORE(COMPARER of_MORE X THAN Y&PATIENT of_equating) plus_2 CONCEPT_CORE(AND_TERM2 of_AND) LOGIC_1(PATIENT of_exhibiting (an attribute)) OBJECT_DEICTIC(COMPAREE of_MORE X THAN Y&AGENT of_equating),suis,male,ASSERT,PROCESSIVE PREDICATE,,PP3SG,AND,,
124,You’ve eaten too much!, OBJECT_DEICTIC(AGENT of_eating) EVENT_0(EVENT TENSE=GENERIC PAST&ASPECT=PROGRESSIVE&QUANTIFIER=TOO MUCH OF X) CONCEPT_ATTRIBUTES(QUANTIFIER of_eating) EVENT_1(EVENT TENSE=GENERIC PAST&ASPECT=PROGRESSIVE&QUANTIFIER=TOO MUCH OF X),as,female,ASSERT,PROCESSIVE PREDICATE,GENERIC PAST,,,,
125,Well… I’m not feeling well these days., eh OBJECT(POLARITY=NEGATIVE_PATIENT of_experiencing in the body) OBJECT_DEICTIC_0(AGENT of_experiencing in the body) ne OBJECT_DEICTIC_1(AGENT of_experiencing in the body) EVENT pas bien_2 TIME,sens,male,ASSERT,ATTRIBUTIVE PREDICATE,,,,,
126,This is why I came to see you., CONCEPT_CORE(AGENT of_equating) EVENT CONCEPT_CORE(QUALIFIER of_equating) que OBJECT_DEICTIC(AGENT of_coming) EVENT(PATIENT of_equating) OBJECT_DEICTIC(PATIENT of_seeing) EVENT(OBLIQUE ROLE DESTINATION of_coming),est,male,ASSERT,EQUATIVE PREDICATE,,event wildcard,coming,,
127,This is why I came to see you., CONCEPT_CORE(AGENT of_equating) EVENT CONCEPT_CORE(QUALIFIER of_equating) que OBJECT_DEICTIC(AGENT of_coming) EVENT(PATIENT of_equating) OBJECT_DEICTIC(PATIENT of_seeing) EVENT(OBLIQUE ROLE DESTINATION of_coming),est,male,ASSERT,EQUATIVE PREDICATE,,event wildcard,coming,,
128,This is why I came to see you., CONCEPT_CORE(AGENT of_equating) EVENT CONCEPT_CORE(QUALIFIER of_equating) que OBJECT_DEICTIC(AGENT of_coming) EVENT(PATIENT of_equating) OBJECT_DEICTIC(PATIENT of_seeing) EVENT(OBLIQUE ROLE DESTINATION of_coming),est,male,ASSERT,EQUATIVE PREDICATE,,event wildcard,coming,,
129,What’s happening to you?, CONCEPT_CORE(AGENT of_happening) est ce qui OBJECT_DEICTIC(OBLIQUE ROLE DESTINATION of_happening) EVENT,arrive,male,ASK,PROCESSIVE PREDICATE,,,,,
130,You look sick, OBJECT_DEICTIC(AGENT of_looking like) EVENT CONCEPT_CORE(PATIENT of_looking like),avez,male,ASSERT,ATTRIBUTIVE PREDICATE,,,,,
131,I can’t sleep well at night., OBJECT_DEICTIC(AGENT of_being able to) ne EVENT(COMPLEMENT of_being able to) pas bien TIME,dors,male,ASSERT,PROCESSIVE PREDICATE,,,,,
132,I can’t sleep well at night., OBJECT_DEICTIC(AGENT of_being able to) ne EVENT(COMPLEMENT of_being able to) pas bien TIME,dors,male,ASSERT,PROCESSIVE PREDICATE,,,,,
133,I sweat, OBJECT_DEICTIC(AGENT of_sweating) EVENT,transpire,male,ASSERT,PROCESSIVE PREDICATE,,,,,
134,I have nightmares., OBJECT_DEICTIC(AGENT of_experiencing in the body) EVENT des OBJECT(QUANTIFIER=PLURAL_PATIENT of_experiencing in the body),fais,male,ASSERT,PROCESSIVE PREDICATE,,,,,
135,and then I wake up in the middle of the night., et après OBJECT_DEICTIC(AGENT of_waking up) me EVENT TIME,réveille,male,ASSERT,PROCESSIVE PREDICATE,,,,,
136,Sometimes I feel hot, TIME OBJECT_DEICTIC(AGENT of_experiencing in the body) EVENT OBJECT(PATIENT of_experiencing in the body),ai,male,ASSERT,PROCESSIVE PREDICATE,,,,,
137,sometimes I feel cold, TIME OBJECT_DEICTIC(AGENT of_experiencing in the body) EVENT OBJECT(PATIENT of_experiencing in the body),ai,male,ASSERT,PROCESSIVE PREDICATE,,,,,
138,I must have fever?, OBJECT_DEICTIC(AGENT of_experiencing in the body) dois EVENT de la OBJECT(PATIENT of_experiencing in the body),avoir,male,EXPRESS LIKELIHOOD&ASK,ATTRIBUTIVE PREDICATE,,,,,
139,Let me check your forehead, EVENT OBJECT_DEICTIC(PATIENT of_allowing) EVENT(OBLIQUE ROLE OBJECTIVE of_allowing) votre OBJECT(PATIENT of_checking),toucher,male,ORDER,PROCESSIVE PREDICATE,,,,,
140,Let me check your forehead, EVENT OBJECT_DEICTIC(PATIENT of_allowing) EVENT(OBLIQUE ROLE OBJECTIVE of_allowing) votre OBJECT(PATIENT of_checking),toucher,male,ORDER,PROCESSIVE PREDICATE,,,,,
141,"Oh yes, you’re hot!", oh oui OBJECT_DEICTIC(AGENT of_experiencing in the body) EVENT OBJECT(PATIENT of_experiencing in the body),êtes,male,APPROVE,ATTRIBUTIVE PREDICATE,,,,,
142,Do you cough?, OBJECT_DEICTIC(AGENT of_coughing) EVENT,toussez,male,ASK,PROCESSIVE PREDICATE,,PP2SG,,,
143,"No, I don’t cough.", non OBJECT_DEICTIC(AGENT of_coughing) ne EVENT(POLARITY=NEGATIVE) pas,tousse,male,DISAPPROVE,PROCESSIVE PREDICATE,,PP1SG,,,NEGATIVE
144,"But every time I wake up, I’m very thirsty.", mais à TIME(QUALIFIER of_waking up) que OBJECT_DEICTIC(AGENT of_experiencing in the body) EVENT_1 EVENT_0 j EVENT très EVENT(PATIENT of_experiencing in the body),soif,male,ASSERT,PROCESSIVE PREDICATE,,,EVENT,,
145,"But every time I wake up, I’m very thirsty.", mais à TIME(QUALIFIER of_waking up) que OBJECT_DEICTIC(AGENT of_experiencing in the body) EVENT_1 EVENT_0 j EVENT très EVENT(PATIENT of_experiencing in the body),soif,male,ASSERT,PROCESSIVE PREDICATE,,,EVENT,,
146,"But every time I wake up, I’m very thirsty.", mais à TIME(QUALIFIER of_waking up) que OBJECT_DEICTIC(AGENT of_experiencing in the body) EVENT_1 EVENT_0 j EVENT très EVENT(PATIENT of_experiencing in the body),soif,male,ASSERT,PROCESSIVE PREDICATE,,,EVENT,,
147,I feel I need to drink., OBJECT_DEICTIC(AGENT of_experiencing in the body) EVENT que j EVENT(PATIENT of_experiencing in the body) de EVENT(PATIENT of_needing),boire,male,ASSERT,PROCESSIVE PREDICATE,,,EVENT,,
148,I feel I need to drink., OBJECT_DEICTIC(AGENT of_experiencing in the body) EVENT que j EVENT(PATIENT of_experiencing in the body) de EVENT(PATIENT of_needing),boire,male,ASSERT,PROCESSIVE PREDICATE,,,EVENT,,
149,I feel I need to drink., OBJECT_DEICTIC(AGENT of_experiencing in the body) EVENT que j EVENT(PATIENT of_experiencing in the body) de EVENT(PATIENT of_needing),boire,male,ASSERT,PROCESSIVE PREDICATE,,,EVENT,,
150,"And also, my belly hurts.", et OBJECT_DEICTIC(AGENT of_experiencing in the body) EVENT OBJECT(PATIENT of_experiencing in the body) au OBJECT(LOCATION INFORMATION of_pain),ai,male,ASSERT,ATTRIBUTIVE PREDICATE,,,,,
151,Does it hurt during the day? or only at night?, ça EVENT OBJECT(PATIENT of_experiencing in the body) aussi le TIME(OR_TERM1 of_OR) CONCEPT_CORE seulement la OBJECT(OR_TERM2 of_OR),fait,male,ASK,EXISTENTIAL PREDICATE,,,,,
152,I don't know why., OBJECT_DEICTIC(AGENT of_knowing) ne EVENT(POLARITY=NEGATIVE) pas CONCEPT_CORE(PATIENT of_knowing),sais,male,ASSERT,PROCESSIVE PREDICATE,,,,,
153,"Doctor, I’m a bit worried.", OBJECT OBJECT_DEICTIC(AGENT of_experiencing in the body) EVENT ABSTRACT_OBJECT(QUANTIFIER=a bit_PATIENT of_experiencing in the body),suis,male,ASSERT,EXISTENTIAL PREDICATE,,,,,
154,what is going on?, qu est CONCEPT_CORE(AGENT of_happening) qui m EVENT,arrive,male,ASK,PROCESSIVE PREDICATE,,object wildcard,,,
155,Have you eaten something particular lately?, OBJECT_DEICTIC(AGENT of_eating) EVENT(EVENT TENSE=SOME TIME AGO) CONCEPT_CORE(PATIENT of_eating) de OBJECT(QUALIFIER of_object wildcard) TIME(TIME INFORMATION of_eating),avez,male,ASK,PROCESSIVE PREDICATE,SOME TIME AGO,,,,
156,"Hm, let me remember…", hm attendez OBJECT_DEICTIC EVENT(PATIENT of_allowing),réfléchis,male,ORDER,PROCESSIVE PREDICATE,,,EVENT,,
157,"Hm, let me remember…", hm attendez OBJECT_DEICTIC EVENT(PATIENT of_allowing),réfléchis,male,ORDER,PROCESSIVE PREDICATE,,,EVENT,,
158,"No, I don’t think so.", non OBJECT_DEICTIC(AGENT of_thinking) ne EVENT(POLARITY=NEGATIVE) pas,pense,male,INFIRM,PROCESSIVE PREDICATE,,,,,
159,Oh wait, oh EVENT,attendez,male,ORDER,PROCESSIVE PREDICATE,,,,,
160,"Last week, my child came back from the forest with some strange fruit I had never seen.", la TIME(TIME INFORMATION of_coming) mon OBJECT(QUANTIFIER=ONE_AGENT of_coming) EVENT(EVENT TENSE=SOME TIME AGO) de la_2 OBJECT(OBLIQUE ROLE ORIGIN of_coming) avec des OBJECT(QUANTIFIER=PLURAL_OBLIQUE ROLE WITH of_coming&PATIENT of_seeing) OBJECT(QUALIFIER of_fruit) que OBJECT_DEICTIC(POSSESSOR of_children&AGENT of_seeing) n EVENT_0(EVENT TENSE=SOME TIME AGO&POLARITY=NEGATIVE) jamais EVENT_1(EVENT TENSE=SOME TIME AGO&POLARITY=NEGATIVE),avais,male,ASSERT,PROCESSIVE PREDICATE,SOME TIME AGO,PP1SG,fruit,,NEGATIVE
161,"Last week, my child came back from the forest with some strange fruit I had never seen.", la TIME(TIME INFORMATION of_coming) mon OBJECT(QUANTIFIER=ONE_AGENT of_coming) EVENT(EVENT TENSE=SOME TIME AGO) de la_2 OBJECT(OBLIQUE ROLE ORIGIN of_coming) avec des OBJECT(QUANTIFIER=PLURAL_OBLIQUE ROLE WITH of_coming&PATIENT of_seeing) OBJECT(QUALIFIER of_fruit) que OBJECT_DEICTIC(POSSESSOR of_children&AGENT of_seeing) n EVENT_0(EVENT TENSE=SOME TIME AGO&POLARITY=NEGATIVE) jamais EVENT_1(EVENT TENSE=SOME TIME AGO&POLARITY=NEGATIVE),avais,male,ASSERT,PROCESSIVE PREDICATE,SOME TIME AGO,PP1SG,fruit,,NEGATIVE
162,He gave me the fruits to try. , OBJECT_DEICTIC(AGENT of_giving) OBJECT_DEICTIC(OBLIQUE ROLE DESTINATION of_giving) EVENT des OBJECT(PATIENT of_giving) pour que je les EVENT(OBLIQUE ROLE GOAL of_giving),goûte,male,ASSERT,PROCESSIVE PREDICATE,,,,,
163,He gave me the fruits to try. , OBJECT_DEICTIC(AGENT of_giving) OBJECT_DEICTIC(OBLIQUE ROLE DESTINATION of_giving) EVENT des OBJECT(PATIENT of_giving) pour que je les EVENT(OBLIQUE ROLE GOAL of_giving),goûte,male,ASSERT,PROCESSIVE PREDICATE,,,,,
164,Actually I liked them., en fait OBJECT_DEICTIC(AGENT of_liking) OBJECT_DEICTIC(PATIENT of_liking) EVENT_0(EVENT TENSE=GENERIC PAST) bien EVENT_1(EVENT TENSE=GENERIC PAST),ai,male,ASSERT,PROCESSIVE PREDICATE,GENERIC PAST,,,,
165,They were sweet., OBJECT_DEICTIC EVENT CONCEPT_CORE,étaient,male,ASSERT,EQUATIVE PREDICATE,,,,,
166,I ate many of them., OBJECT_DEICTIC(AGENT of_eating) OBJECT_DEICTIC(QUANTIFIER=many_PATIENT of_eating) EVENT(EVENT TENSE=GENERIC PAST) CONCEPT_ATTRIBUTES(QUANTIFIER of_Ref_many_objects),ai,male,ASSERT,PROCESSIVE PREDICATE,GENERIC PAST,,,,
167,I became sick after that., et TIME(TIME INFORMATION of_becoming) OBJECT_DEICTIC(AGENT of_becoming) EVENT(EVENT TENSE=SOME TIME AGO) CONCEPT_CORE(PATIENT of_becoming),suis,male,ASSERT,PROCESSIVE PREDICATE,SOME TIME AGO,,,,
168,It must have been these fruits that made you sick., ce sont sûrement DEICTIC(LOCATION INFORMATION of_fruit) OBJECT(DEFINITENESS=DEFINITE) OBJECT_DEICTIC(QUANTIFIER=many_AGENT of_making) OBJECT_DEICTIC(PATIENT of_making) EVENT CONCEPT_CORE(OBLIQUE ROLE OBJECTIVE of_making),ont,male,EXPRESS LIKELIHOOD,PROCESSIVE PREDICATE,,,,,
169,"If you hadn’t eaten so much, you wouldn’t have gotten sick.", CONCEPT_CORE OBJECT_DEICTIC(AGENT of_becoming) n en EVENT_0(EVENT TENSE=GENERIC PAST&POLARITY=NEGATIVE_ANTECEDENT of_CONDITION) pas EVENT_1(EVENT TENSE=GENERIC PAST&POLARITY=NEGATIVE_ANTECEDENT of_CONDITION) CONCEPT_ATTRIBUTES(QUALIFIER of_eating) vous_2 n_2 EVENT_0(EVENT TENSE=GENERIC PAST&POLARITY=NEGATIVE_CONSEQUENT of_CONDITION) pas_2 EVENT_1(EVENT TENSE=GENERIC PAST&POLARITY=NEGATIVE_CONSEQUENT of_CONDITION) CONCEPT_CORE(PATIENT of_becoming),auriez,male,EXPRESS CONDITION,PROCESSIVE PREDICATE,GENERIC PAST,,,,
170,"If you hadn’t eaten so much, you wouldn’t have gotten sick.", CONCEPT_CORE OBJECT_DEICTIC(AGENT of_becoming) n en EVENT_0(EVENT TENSE=GENERIC PAST&POLARITY=NEGATIVE_ANTECEDENT of_CONDITION) pas EVENT_1(EVENT TENSE=GENERIC PAST&POLARITY=NEGATIVE_ANTECEDENT of_CONDITION) CONCEPT_ATTRIBUTES(QUALIFIER of_eating) vous_2 n_2 EVENT_0(EVENT TENSE=GENERIC PAST&POLARITY=NEGATIVE_CONSEQUENT of_CONDITION) pas_2 EVENT_1(EVENT TENSE=GENERIC PAST&POLARITY=NEGATIVE_CONSEQUENT of_CONDITION) CONCEPT_CORE(PATIENT of_becoming),auriez,male,EXPRESS CONDITION,PROCESSIVE PREDICATE,GENERIC PAST,,,,
171,I shouldn’t have., OBJECT_DEICTIC n EVENT_0(EVENT TENSE=GENERIC PAST&POLARITY=NEGATIVE) pas EVENT_1(EVENT TENSE=GENERIC PAST&POLARITY=NEGATIVE),aurais,male,WISH,PROCESSIVE PREDICATE,GENERIC PAST,,,,NEGATIVE
172,What should I do now?, CONCEPT_CORE(PATIENT of_doing) est ce que OBJECT_DEICTIC(AGENT of_doing) EVENT TIME(TIME INFORMATION of_doing),dois,male,EXPRESS DUTY (DEONTIC)&ASK,PROCESSIVE PREDICATE,,,,,
173,Don’t worry., ne OBJECT_DEICTIC(AGENT of_worrying) EVENT(POLARITY=NEGATIVE) pas,inquiétez,male,ORDER,PROCESSIVE PREDICATE,,,,,
174,I’ll give you some medicine to drink., OBJECT_DEICTIC(AGENT of_giving) EVENT_0(EVENT TENSE=GENERIC FUTURE) OBJECT_DEICTIC(OBLIQUE ROLE DESTINATION of_giving&AGENT of_drinking) EVENT_1(EVENT TENSE=GENERIC FUTURE) des OBJECT(PATIENT of_giving) à EVENT(OBLIQUE ROLE OBJECTIVE of_giving),boire,male,ASSERT,PROCESSIVE PREDICATE,GENERIC FUTURE,PP2SG,,EVENT,
175,I’ll give you some medicine to drink., OBJECT_DEICTIC(AGENT of_giving) EVENT_0(EVENT TENSE=GENERIC FUTURE) OBJECT_DEICTIC(OBLIQUE ROLE DESTINATION of_giving&AGENT of_drinking) EVENT_1(EVENT TENSE=GENERIC FUTURE) des OBJECT(PATIENT of_giving) à EVENT(OBLIQUE ROLE OBJECTIVE of_giving),boire,male,ASSERT,PROCESSIVE PREDICATE,GENERIC FUTURE,PP2SG,,EVENT,
176,Take it twice a day., EVENT OBJECT_DEICTIC(PATIENT of_taking) TIME(TIME INFORMATION of_taking),prenez,male,ORDER,PROCESSIVE PREDICATE,,,,,
177,And then I’ll be better?, et TIME(TIME INFORMATION of_exhibiting (an attribute)) OBJECT_DEICTIC(AGENT of_exhibiting (an attribute)) EVENT(EVENT TENSE=GENERIC FUTURE) LOGIC(PATIENT of_exhibiting (an attribute)),irai,male,ASK,ATTRIBUTIVE PREDICATE,GENERIC FUTURE,PP1SG,COMP-MORE,,
178,you should get better soon., OBJECT_DEICTIC(AGENT of_becoming) EVENT LOGIC(PATIENT of_becoming) TIME(TIME INFORMATION of_becoming),devriez,male,EXPRESS POTENTIAL,PROCESSIVE PREDICATE,,,,,
179,This is efficient medicine against fever and belly-ache., OBJECT_DEICTIC(AGENT of_equating) EVENT des OBJECT(PATIENT of_equating) CONCEPT_CORE(QUALIFIER of_medicine) pour la OBJECT(AND_TERM1 of_AND) CONCEPT_CORE(OBLIQUE ROLE GOAL of_efficient) le OBJECT_0(AND_TERM2 of_AND) de OBJECT_1(AND_TERM2 of_AND),sont,male,ASSERT,EQUATIVE PREDICATE,,Ref_1_object,medicine,,
180,"Also, you must get some rest.", et OBJECT_DEICTIC(AGENT of_experiencing) devez vous_2 OBJECT(PATIENT of_experiencing),none,male,ORDER,PROCESSIVE PREDICATE,,,,,
181,Don’t go to work, n EVENT(POLARITY=NEGATIVE) pas au OBJECT(OBLIQUE ROLE DESTINATION of_going),allez,male,ORDER,PROCESSIVE PREDICATE,,,,,
182,You need to sleep., OBJECT_DEICTIC(AGENT of_needing) EVENT de EVENT(PATIENT of_needing),dormir,male,ASSERT,PROCESSIVE PREDICATE,,,EVENT,,
183,You need to sleep., OBJECT_DEICTIC(AGENT of_needing) EVENT de EVENT(PATIENT of_needing),dormir,male,ASSERT,PROCESSIVE PREDICATE,,,EVENT,,
184,I understand., OBJECT_DEICTIC(AGENT of_understanding) EVENT,comprends,male,ASSERT,PROCESSIVE PREDICATE,,PP1SG,,,
185,"Brother, have you seen my notebook?", OBJECT_DEICTIC(POSSESSOR of_notebook) OBJECT(AGENT of_seeing) tu EVENT mon_2 OBJECT(PATIENT of_seeing),as,female,ASK,PROCESSIVE PREDICATE,,,,,
186,"I’ve been looking for it everywhere, but I can’t find it!", OBJECT_DEICTIC(AGENT of_being able to) OBJECT_DEICTIC(PATIENT of_finding) EVENT(ASPECT=PERFECT PROGRESSIVE&EVENT TENSE=GENERIC PAST_BUT ANTECEDENT of_BUT) SPACE(LOCATION INFORMATION of_searching) CONCEPT_CORE je_2 ne le EVENT(COMPLEMENT of_being able to) pas,trouve,female,ASSERT,PROCESSIVE PREDICATE,GENERIC PAST,,,,
187,"I’ve been looking for it everywhere, but I can’t find it!", OBJECT_DEICTIC(AGENT of_being able to) OBJECT_DEICTIC(PATIENT of_finding) EVENT(ASPECT=PERFECT PROGRESSIVE&EVENT TENSE=GENERIC PAST_BUT ANTECEDENT of_BUT) SPACE(LOCATION INFORMATION of_searching) CONCEPT_CORE je_2 ne le EVENT(COMPLEMENT of_being able to) pas,trouve,female,ASSERT,PROCESSIVE PREDICATE,GENERIC PAST,,,,
188,"I’ve been looking for it everywhere, but I can’t find it!", OBJECT_DEICTIC(AGENT of_being able to) OBJECT_DEICTIC(PATIENT of_finding) EVENT(ASPECT=PERFECT PROGRESSIVE&EVENT TENSE=GENERIC PAST_BUT ANTECEDENT of_BUT) SPACE(LOCATION INFORMATION of_searching) CONCEPT_CORE je_2 ne le EVENT(COMPLEMENT of_being able to) pas,trouve,female,ASSERT,PROCESSIVE PREDICATE,GENERIC PAST,,,,
189,"I don’t know, sister.", OBJECT_DEICTIC(AGENT of_knowing) ne EVENT(POLARITY=NEGATIVE) pas ma OBJECT,sais,male,ASSERT,PROCESSIVE PREDICATE,,,,,
190,It’s my math book., OBJECT_DEICTIC(AGENT of_equating) EVENT OBJECT_DEICTIC(POSSESSOR of_book) OBJECT(PATIENT of_equating) de OBJECT(QUALIFIER of_book),est,female,ASSERT,EQUATIVE PREDICATE,,,,,
191,"It’s a thick, blue one.", OBJECT_DEICTIC(AGENT of_exhibiting (an attribute)) EVENT un CONCEPT_CORE(AND_TERM1 of_AND) CONCEPT_CORE(AND_TERM2 of_AND),est,female,ASSERT,ATTRIBUTIVE PREDICATE,,Ref_1_object,AND,,
192,You’ve seen it already., OBJECT_DEICTIC(AGENT of_seeing) OBJECT_DEICTIC(PATIENT of_seeing) as TIME(TIME INFORMATION of_seeing) EVENT,vu,female,ASSERT,PROCESSIVE PREDICATE,,,,,
193,I was doing my homework on it last night in the dining room., OBJECT_DEICTIC(AGENT of_doing&POSSESSOR of_homework) EVENT mes OBJECT(PATIENT of_doing) OBJECT_DEICTIC(OBLIQUE ROLE WITH of_doing) TIME(TIME INFORMATION of_doing) dans la OBJECT(LOCATION INFORMATION of_doing),faisais,female,ASSERT,PROCESSIVE PREDICATE,,,,,
194,"Well, you probably left it there, then!", eh bien OBJECT_DEICTIC(AGENT of_leaving (transitive)) OBJECT_DEICTIC(PATIENT of_leaving (transitive)) EVENT_0(EVENT TENSE=GENERIC PAST) LOGIC(QUALIFIER of_leaving (transitive)) EVENT_1(EVENT TENSE=GENERIC PAST) DEICTIC(LOCATION INFORMATION of_leaving (transitive)) alors,as,male,ASSERT,PROCESSIVE PREDICATE,GENERIC PAST,,,,
195,I put it away in my schoolbag before I went to sleep., OBJECT_DEICTIC(AGENT of_putting&POSSESSOR of_schoolbag) OBJECT_DEICTIC(PATIENT of_putting) EVENT(EVENT TENSE=GENERIC PAST) dans mon OBJECT(LOCATION INFORMATION of_putting) TIME(TIME INFORMATION of_putting) d_2 EVENT(BEFORE X of_BEFORE X) me EVENT(OBLIQUE ROLE DESTINATION of_going),coucher,female,ASSERT,PROCESSIVE PREDICATE,GENERIC PAST,,,,
196,I put it away in my schoolbag before I went to sleep., OBJECT_DEICTIC(AGENT of_putting&POSSESSOR of_schoolbag) OBJECT_DEICTIC(PATIENT of_putting) EVENT(EVENT TENSE=GENERIC PAST) dans mon OBJECT(LOCATION INFORMATION of_putting) TIME(TIME INFORMATION of_putting) d_2 EVENT(BEFORE X of_BEFORE X) me EVENT(OBLIQUE ROLE DESTINATION of_going),coucher,female,ASSERT,PROCESSIVE PREDICATE,GENERIC PAST,,,,
197,I put it away in my schoolbag before I went to sleep., OBJECT_DEICTIC(AGENT of_putting&POSSESSOR of_schoolbag) OBJECT_DEICTIC(PATIENT of_putting) EVENT(EVENT TENSE=GENERIC PAST) dans mon OBJECT(LOCATION INFORMATION of_putting) TIME(TIME INFORMATION of_putting) d_2 EVENT(BEFORE X of_BEFORE X) me EVENT(OBLIQUE ROLE DESTINATION of_going),coucher,female,ASSERT,PROCESSIVE PREDICATE,GENERIC PAST,,,,
198,I think., OBJECT_DEICTIC(AGENT of_thinking) EVENT,pense,female,EXPRESS LIKELIHOOD,PROCESSIVE PREDICATE,,,,,
199,"Hm, did you look in your room, beside your bed?", hmn OBJECT_DEICTIC(AGENT of_searching&POSSESSOR of_bed) EVENT(EVENT TENSE=GENERIC PAST) dans ta OBJECT(ZOOMING WIDE of_ZOOM IN) SPACE(ZOOMING NARROW of_ZOOM IN) de ton OBJECT(beside of_beside),as,male,ASK,PROCESSIVE PREDICATE,GENERIC PAST,,,,
200, It’s not there., OBJECT_DEICTIC(AGENT of_BEING LOCATED) n EVENT(POLARITY=NEGATIVE) pas DEICTIC(LOCATION INFORMATION of_BEING LOCATED),est,female,ASSERT,LOCATIVE PREDICATE,,,,,
201,Maybe it’s hidden under another book?, ou LOGIC(QUALIFIER of_being hidden) OBJECT_DEICTIC(AGENT of_being hidden) EVENT SPACE(LOCATION INFORMATION of_being hidden) un CONCEPT_CORE(UNDER of_UNDER) OBJECT(ANOTHER of_ANOTHER),est,male,ASK&EXPRESS POTENTIAL,LOCATIVE PREDICATE,,,,,
202,I can't find it., OBJECT_DEICTIC(AGENT of_being able to) ne OBJECT_DEICTIC(PATIENT of_finding) EVENT(COMPLEMENT of_being able to) pas,trouve,female,INFIRM,LOCATIVE PREDICATE,,,,,
203,I can't find it., OBJECT_DEICTIC(AGENT of_being able to) ne OBJECT_DEICTIC(PATIENT of_finding) EVENT(COMPLEMENT of_being able to) pas,trouve,female,INFIRM,LOCATIVE PREDICATE,,,,,
204,Let me look in the kitchen..., attends OBJECT_DEICTIC(AGENT of_searching) EVENT dans la OBJECT(LOCATION INFORMATION of_searching),regarde,male,ORDER,PROCESSIVE PREDICATE,,,,,
205,"Hm, not here.", hm pas DEICTIC(LOCATION INFORMATION of_BEING LOCATED),none,male,ASSERT,LOCATIVE PREDICATE,,,,,
206,But I need it for my math class today!, mais OBJECT_DEICTIC(AGENT of_needing) OBJECT_DEICTIC(PATIENT of_needing) EVENT pour mon OBJECT(OBLIQUE ROLE OBJECTIVE of_needing) de maths TIME(TIME INFORMATION of_school class),ai,female,ASSERT,PROCESSIVE PREDICATE,,,,,
207,The teacher will be quite angry if I don’t have my notebook., le OBJECT(AGENT of_exhibiting (an attribute)) va EVENT(EVENT TENSE=GENERIC FUTURE_CONSEQUENT of_CONDITION) CONCEPT_ATTRIBUTES(PATIENT of_exhibiting (an attribute)) CONCEPT_CORE OBJECT_DEICTIC(AGENT of_possessing&POSSESSOR of_notebook) n EVENT(POLARITY=NEGATIVE_ANTECEDENT of_CONDITION) pas mon OBJECT(PATIENT of_possessing),être,female,ASSERT,ATTRIBUTIVE PREDICATE,GENERIC FUTURE,teacher,angry,,
208,The teacher will be quite angry if I don’t have my notebook., le OBJECT(AGENT of_exhibiting (an attribute)) va EVENT(EVENT TENSE=GENERIC FUTURE_CONSEQUENT of_CONDITION) CONCEPT_ATTRIBUTES(PATIENT of_exhibiting (an attribute)) CONCEPT_CORE OBJECT_DEICTIC(AGENT of_possessing&POSSESSOR of_notebook) n EVENT(POLARITY=NEGATIVE_ANTECEDENT of_CONDITION) pas mon OBJECT(PATIENT of_possessing),être,female,ASSERT,ATTRIBUTIVE PREDICATE,GENERIC FUTURE,teacher,angry,,
209,He will think I didn’t do my homework., OBJECT_DEICTIC(AGENT of_thinking) EVENT(EVENT TENSE=GENERIC FUTURE) que OBJECT_DEICTIC(AGENT of_doing) n ai pas EVENT(POLARITY=NEGATIVE&EVENT TENSE=GENERIC PAST_PATIENT of_thinking) mes OBJECT(PATIENT of_doing),fait,female,ASSERT,PROCESSIVE PREDICATE,GENERIC PAST,,,,
210,He will think I didn’t do my homework., OBJECT_DEICTIC(AGENT of_thinking) EVENT(EVENT TENSE=GENERIC FUTURE) que OBJECT_DEICTIC(AGENT of_doing) n ai pas EVENT(POLARITY=NEGATIVE&EVENT TENSE=GENERIC PAST_PATIENT of_thinking) mes OBJECT(PATIENT of_doing),fait,female,ASSERT,PROCESSIVE PREDICATE,GENERIC PAST,,,,
211,Uh oh… I think I found it!, oh OBJECT_DEICTIC(AGENT of_finding) EVENT que je_2 OBJECT_DEICTIC(PATIENT of_finding) ai EVENT(PATIENT of_thinking),trouvé,male,ASSERT,PROCESSIVE PREDICATE,,,,,
212,Uh oh… I think I found it!, oh OBJECT_DEICTIC(AGENT of_finding) EVENT que je_2 OBJECT_DEICTIC(PATIENT of_finding) ai EVENT(PATIENT of_thinking),trouvé,male,ASSERT,PROCESSIVE PREDICATE,,,,,
213,Look at our little brother out there in the garden., EVENT OBJECT_DEICTIC(POSSESSOR of_little brother) OBJECT(PATIENT of_looking) SPACE(LOCATION INFORMATION of_looking) OBJECT(DEFINITENESS=DEFINITE_ZOOMING NARROW of_ZOOM IN),regarde,male,ORDER,PROCESSIVE PREDICATE,,,,,
214,What is he holding in his hands?, qu est-ce CONCEPT_CORE(PATIENT of_holding) OBJECT_DEICTIC(AGENT of_holding) EVENT dans ses mains,tient,male,ASK,PROCESSIVE PREDICATE,,,,,
215,Isn’t it your notebook?, OBJECT_DEICTIC(AGENT of_equating) n EVENT pas ton OBJECT(PATIENT of_equating),est,male,ASK,EQUATIVE PREDICATE,,,,,
216,But he has shredded it into pieces!, mais OBJECT_DEICTIC(AGENT of_shredding) OBJECT_DEICTIC(PATIENT of_shredding) à EVENT(EVENT TENSE=GENERIC PAST) en OBJECT(OBLIQUE ROLE TRANSFORMATION of_shredding),déchiré,female,ASSERT,PROCESSIVE PREDICATE,GENERIC PAST,,,,
217,It looks like he’s been playing with it all morning., on dirait qu OBJECT_DEICTIC(AGENT of_playing) EVENT OBJECT_DEICTIC(OBLIQUE ROLE WITH of_playing) CONCEPT_ATTRIBUTES(QUANTIFIER of_morning) la TIME(QUANTIFIER=ALL_TIME INFORMATION of_playing),a,male,EXPRESS LIKELIHOOD,PROCESSIVE PREDICATE,,,,,
218,"Oh dear, what happened to my homework?!", oh la la_2 CONCEPT_CORE(AGENT of_happening) est-ce qui EVENT(EVENT TENSE=GENERIC PAST) à OBJECT_DEICTIC(POSSESSOR of_homework) OBJECT(OBLIQUE ROLE DESTINATION of_happening),est,female,ASK,PROCESSIVE PREDICATE,GENERIC PAST,,,,
219,Now I need to buy a new notebook, TIME(TIME INFORMATION of_needing) EVENT que OBJECT_DEICTIC(AGENT of_needing) EVENT(PATIENT of_needing) un CONCEPT_CORE(QUALIFIER of_notebook) OBJECT(PATIENT of_buying),achète,female,ASSERT,PROCESSIVE PREDICATE,,,,,
220,Now I need to buy a new notebook, TIME(TIME INFORMATION of_needing) EVENT que OBJECT_DEICTIC(AGENT of_needing) EVENT(PATIENT of_needing) un CONCEPT_CORE(QUALIFIER of_notebook) OBJECT(PATIENT of_buying),achète,female,ASSERT,PROCESSIVE PREDICATE,,,,,
221,and I need to start my work all over again., et OBJECT_DEICTIC(AGENT of_needing) EVENT EVENT(PATIENT of_needing) tous mes OBJECT(PATIENT of_starting),refaire,female,ASSERT,PROCESSIVE PREDICATE,,,,,
222,and I need to start my work all over again., et OBJECT_DEICTIC(AGENT of_needing) EVENT EVENT(PATIENT of_needing) tous mes OBJECT(PATIENT of_starting),refaire,female,ASSERT,PROCESSIVE PREDICATE,,,,,
